<?xml version="1.0" ?> 
<SampleConfigs>

<SampleConfig ParentNodeID = "ChartAppearance" Priority="200">
  <Title>Plotting Area Appearance</Title> 
  <Thumbnail>thumbnail.jpg</Thumbnail>
  <ShortBlurb>Plotting Area Appearance</ShortBlurb> 
  <SampleControl>Appearance</SampleControl> 
  <InfoPages>
    <InfoPage Title="C# Source">cscode.txt</InfoPage>
    <InfoPage Title="Visual Basic Source">vbcode.txt</InfoPage>
  </InfoPages>
  <Keywords>
    <Keyword>Appearance, Chart area</Keyword>
	<Keyword>Chart area, Appearance</Keyword>
  </Keywords>
</SampleConfig>

<SampleConfig ParentNodeID = "ChartArea" Priority="35">
  <Title>Plotting Area Appearance</Title> 
  <Thumbnail>thumbnail.jpg</Thumbnail>
  <ShortBlurb>Plotting Area Appearance</ShortBlurb> 
  <SampleControl>Appearance</SampleControl> 
  <InfoPages>
    <InfoPage Title="C# Source">cscode.txt</InfoPage>
    <InfoPage Title="Visual Basic Source">vbcode.txt</InfoPage>
  </InfoPages>
  <Keywords>
	<Keyword>Appearance, Chart area</Keyword>
	<Keyword>Chart area, Appearance</Keyword></Keywords>
</SampleConfig>

</SampleConfigs>
