<?xml version="1.0" ?> 
<SampleConfigs>
<SampleConfig ParentNodeID = "Legend" Priority="400">
  <Title>Explicit Positioning</Title>
  <Thumbnail>thumbnail.jpg</Thumbnail>
  <ShortBlurb>Legend Explicit Positioning</ShortBlurb> 
  <SampleControl>LegendCustomPosition</SampleControl> 
  <InfoPages>
  <InfoPage Title="Overview">Overview.htm</InfoPage>
    <InfoPage Title="C# Source">cscode.txt</InfoPage>
    <InfoPage Title="Visual Basic Source">vbcode.txt</InfoPage>
  </InfoPages>
  <Keywords>
    <Keyword>Legend, Custom position</Keyword>
    <Keyword>Position, Legend</Keyword>
  </Keywords>    

</SampleConfig>



</SampleConfigs>
