<?xml version="1.0" ?> 
<SampleConfigs>
<SampleConfig ParentNodeID = "Annotations" Priority="400">
  <Title>Annotation Anchoring</Title> 
  <Thumbnail>thumbnail.jpg</Thumbnail>
  <ShortBlurb>Annotation Anchoring</ShortBlurb> 
  <SampleControl>AnnotationAnchoring</SampleControl> 
  <InfoPages>
    <InfoPage Title="C# Source">cscode.txt</InfoPage>
    <InfoPage Title="Visual Basic Source">vbcode.txt</InfoPage>
  </InfoPages>
  <Keywords>
	<Keyword>Annotations, Anchoring</Keyword>
	<Keyword>Annotations, Attaching</Keyword>
  </Keywords>
</SampleConfig>

</SampleConfigs>
