<?xml version="1.0" encoding="utf-8"?>
<controls version="2.0" >
    <control>
        <id>
			1
        </id>
        <maket>
			2
        </maket>
        <description>
			Мероприятия 1-12, 15-16, 20, 25, 30, 35, 39, 45-49, 67-68
			могут быть проставлены только в графе «1-ое проектируемое
			мероприятие»
        </description>
        <items>
            <item>
                <id>
					1
                </id>
                <title>
					SELECT COUNT(1) FROM ltb010102
					WHERE (tb01s013_id2 IN
					(1,2,3,4,5,6,7,8,9,10,11,12, 15,16, 20, 25, 30,
					35, 39,
					45,46,47,48,49, 67,68)
					OR tb01s013_id3 IN
					(1,2,3,4,5,6,7,8,9,10,11,12, 15,16, 20, 25, 30, 35,
					39,
					45,46,47,48,49, 67,68))
					AND _id=?
                </title>
                <rez>
					0
                </rez>
            </item>
        </items>
    </control>
    <control>
        <id>
			2
        </id>
        <maket>
			2
        </maket>
        <description>
			Для мероприятий 20, 25, 30, 35 обязательно должен быть
			заполнен «процент выборки»
        </description>
        <items>
            <item>
                <id>
					1
                </id>
                <title>
					SELECT COUNT(1) FROM ltb010102
					WHERE (tb01s013_id1 IN
					(20,25,30,35)
					OR tb01s013_id2 IN (20,25,30,35)
					OR tb01s013_id3 IN
					(20,25,30,35))
					AND IFNULL(m02_vzproc1,0)=0
					AND _id=?
                </title>
                <rez>
					0
                </rez>
            </item>
        </items>
    </control>
    <control>
        <id>
			3
        </id>
        <maket>
			2
        </maket>
        <description>
			Если заполнено «1–ое проектируемое мероприятие» 20, 25,
			30, 35, и «2–ое проектируемое мероприятие» 18, то должна быть
			заполнена графа «главная порода»
        </description>
        <items>
            <item>
                <id>
					1
                </id>
                <title>
					SELECT COUNT(1) FROM ltb010102
					WHERE (tb01s013_id1 IN
					(20,25,30,35) AND tb01s013_id2=18 AND tb01s012_id
					IS NULL)
					AND _id=?
                </title>
                <rez>
					0
                </rez>
            </item>
        </items>
    </control>
    <control>
        <id>
			4
        </id>
        <maket>
			2
        </maket>
        <description>
			Если заполнено «1–ое проектируемое мероприятие» 1, 2, 3,
			4, 6, 7, 8, 9,10, 12, 127, то должно быть «2–ое проектируемое
			мероприятие» 59, 60, 62, 64, 65, 66, 69 и должна быть заполнена графа
			«главная порода»
        </description>
        <items>
            <item>
                <id>
					1
                </id>
                <title>
					SELECT COUNT(1) FROM ltb010102
					WHERE tb01s013_id1 IN ( 1, 2,
					3, 4, 6, 7, 8, 9,10, 12, 127)
					AND (tb01s013_id2 NOT IN (59, 60, 62,
					64, 65, 66, 69) OR tb01s012_id
					IS NULL)
					AND _id=?
                </title>
                <rez>
					0
                </rez>
            </item>
        </items>
    </control>
    <control>
        <id>
			5
        </id>
        <maket>
			3
        </maket>
        <description>
			Для вида земель 14 должны быть заполнены графы «год
			вырубки», «кол–во пней, шт/га», причем если есть данные в графе
			«кол–во пней, шт/га сосны», то должны быть и данные в графе «всего»,
			которые должны быть больше или равны значению графы «кол–во пней,
			шт/га сосны».
        </description>
        <items>
            <item>
                <id>
					1
                </id>
                <title>
					SELECT COUNT(1) FROM ltb010101 a, ltb010103 b
					WHERE
					a._id=b._id
					AND a.tb01s010_id=14
					AND ((b.m03_vyrubka_god IS NULL OR
					b.m03_pvkol IS NULL)
					OR
					(IFNULL(b.m03_pskol,0)>IFNULL(b.m03_pvkol,0)))
					AND b._id=?
                </title>
                <rez>
					0
                </rez>
            </item>
        </items>
    </control>
    <control>
        <id>
			6
        </id>
        <maket>
			4
        </maket>
        <description>
			Если заполнена графа «захламленность, ликвид», то должна
			быть и заполнена графа «захламленность общая», причем значение графы
			«захламленность, ликвид» должно быть меньше или равно значению графы
			«захламленность общая»
        </description>
        <items>
            <item>
                <id>
					1
                </id>
                <title>
					SELECT COUNT(1) FROM ltb010104
					WHERE ((m04_zzl IS NOT NULL AND
					m04_zzo IS NULL) OR
					(IFNULL(m04_zzl,0)>IFNULL(m04_zzo,0)))
					AND _id=?
                </title>
                <rez>
					0
                </rez>
            </item>
        </items>
    </control>
    <control>
        <id>
			9
        </id>
        <maket>
			3
        </maket>
        <description>
			Макет 3 обязательно заполняется для видов земель 1–19, 41–43, 81, 101–104
        </description>
        <items>
            <item>
                <id>
					1
                </id>
                <title>
					SELECT COUNT(1) FROM ltb010101 a, ltb010103 b
					WHERE
					a._id=b._id
					AND a.tb01s010_id IN
					(1,2,3,4,5,6,7,8,9,10,11,12,13,14,15,16,17,18,19,41,42,43,81,101,102,103,104)
					AND (b.tb01s012_id IS NULL OR b.ref_klasbon_id IS NULL OR
					b.ref_wood_type_id IS NULL OR b.ref_tlu_id IS NULL)
					AND b._id=?
                </title>
                <rez>
					0
                </rez>
            </item>
        </items>
    </control>
    <control>
        <id>
			10
        </id>
        <maket>
			2
        </maket>
        <description>
			Процент выборки для мероприятий 4-8,10, 20, 25, 30,
			35,46,47,49,127 должен быть кратным 5 (напр. 5, 10, 15 и т.д. до 100)
        </description>
        <items>
            <item>
                <id>
					1
                </id>
                <title>
					SELECT COUNT(1) FROM ltb010102
					WHERE tb01s013_id1 IN
					(4,5,6,7,8,10, 20, 25, 30, 35,46,47,49,127)
					AND
					IFNULL(m02_vzproc1,0) NOT IN
					(5,10,15,20,25,30,35,40,45,50,55,60,65,70,75,80,85,90,95,100)
					AND
					_id=?
                </title>
                <rez>
					0
                </rez>
            </item>
        </items>
    </control>
    <control>
        <id>
			11
        </id>
        <maket>
			2
        </maket>
        <description>
			Для мероприятия 16 процент выборки должен быть от 1 до 9, далее кратный 5
        </description>
        <items>
            <item>
                <id>
					1
                </id>
                <title>
					SELECT COUNT(1) FROM ltb010102
					WHERE tb01s013_id1=16 AND
					IFNULL(m02_vzproc1,0)>9
					AND IFNULL(m02_vzproc1,0) NOT IN
					(10,15,20,25,30,35,40,45,50,55,60,65,70,75,80,85,90,95,100)
					AND
					_id=?
                </title>
                <rez>
					0
                </rez>
            </item>
        </items>
    </control>
    <control>
        <id>
			13
        </id>
        <maket>
			10
        </maket>
        <description>
			Для вида земель 41 не должно быть ярусов 1, 2, 4, 5, 6, 10, 13
        </description>
        <items>
            <item>
                <id>
					1
                </id>
                <title>
					SELECT COUNT(1) FROM ltb010101 a,ltb010110 b
					WHERE a._id=b._id
					AND a.tb01s010_id=41
					AND b.ref_yarus_id IN (1, 2, 4, 5, 6, 10, 13)
					AND b._id=?
                </title>
                <rez>
					0
                </rez>
            </item>
        </items>
    </control>
    <control>
        <id>
			14
        </id>
        <maket>
			10
        </maket>
        <description>
			Для вида земель 43 не должно быть ярусов 2, 4, 5, 6, 10, 13
        </description>
        <items>
            <item>
                <id>
					1
                </id>
                <title>
					SELECT COUNT(1) FROM ltb010101 a,ltb010110 b
					WHERE a._id=b._id
					AND a.tb01s010_id=43
					AND b.ref_yarus_id IN (2, 4, 5, 6, 10, 13)
					AND
					b._id=?
                </title>
                <rez>
					0
                </rez>
            </item>
        </items>
    </control>
    <control>
        <id>
			15
        </id>
        <maket>
			10
        </maket>
        <description>
			Для видов земель 11–13 не должно быть ярусов 4, 5, 6, 10
        </description>
        <items>
            <item>
                <id>
					1
                </id>
                <title>
					SELECT COUNT(1) FROM ltb010101 a,ltb010110 b
					WHERE a._id=b._id
					AND (a.tb01s010_id=11 OR a.tb01s010_id=12 OR a.tb01s010_id=13)
					AND
					b.ref_yarus_id IN (4, 5, 6, 10)
					AND b._id=?
                </title>
                <rez>
					0
                </rez>
            </item>
        </items>
    </control>
    <control>
        <id>
			16
        </id>
        <maket>
			10
        </maket>
        <description>
			Для видов земель 14, 16, 17 не должно быть ярусов 1, 2, 4, 5, 6, 10, 13
        </description>
        <items>
            <item>
                <id>
					1
                </id>
                <title>
					SELECT COUNT(1) FROM ltb010101 a,ltb010110 b
					WHERE a._id=b._id
					AND (a.tb01s010_id=14 OR a.tb01s010_id=16 OR a.tb01s010_id=17)
					AND
					b.ref_yarus_id IN (1, 2, 4, 5, 6, 10, 13)
					AND b._id=?
                </title>
                <rez>
					0
                </rez>
            </item>
        </items>
    </control>
    <control>
        <id>
			17
        </id>
        <maket>
			10
        </maket>
        <description>
			Для вида земель 42 обязательно наличие яруса 10 и не должно
			быть ярусов 1, 2, 4, 5, 6, 13
        </description>
        <items>
            <item>
                <id>
					1
                </id>
                <title>
					SELECT COUNT(1) FROM ltb010101
					WHERE tb01s010_id=42
					AND _id=?
                </title>
                <rez>
					1
                </rez>
                <rez_type>
					1
                </rez_type>
            </item>
            <item>
                <id>
					2
                </id>
                <title>
					SELECT case when COUNT(1)>0 then 1
					else 0 END
					FROM ltb010101
					a,ltb010110 b
					WHERE a._id=b._id
					AND b._id=?
                </title>
                <rez>
					1
                </rez>
            </item>
            <item>
                <id>
					3
                </id>
                <title>
					SELECT COUNT(1) FROM ltb010101 a,ltb010110 b
					WHERE a._id=b._id
					AND b.ref_yarus_id IN (1, 2, 4, 5, 6, 13)
					AND
					b._id=?
                </title>
                <rez>
					0
                </rez>
            </item>
        </items>
    </control>
    <control>
        <id>
			18
        </id>
        <maket>
			10
        </maket>
        <description>
			Для видов земель 30–36, 49 не должно быть ярусов 1, 2, 4,
			5, 6, 9,10, 13
        </description>
        <items>
            <item>
                <id>
					1
                </id>
                <title>
					SELECT COUNT(1) FROM ltb010101 a,ltb010110 b
					WHERE a._id=b._id
					AND (a.tb01s010_id=30 OR a.tb01s010_id=31 OR a.tb01s010_id=32 OR
					a.tb01s010_id=33 OR a.tb01s010_id=34 OR a.tb01s010_id=35 OR
					a.tb01s010_id=36 OR a.tb01s010_id=49)
					AND b.ref_yarus_id IN (1, 2,
					4, 5, 6, 9,10, 13)
					AND b._id=?
                </title>
                <rez>
					0
                </rez>
            </item>
        </items>
    </control>
    <control>
        <id>
			19
        </id>
        <maket>
			10
        </maket>
        <description>
			Для видов земель 1 макета 10 обязательно наличие
			яруса 1, могут присутствовать яруса 2, 9, 13 и не должно быть ярусов
			4, 5, 6,10
        </description>
        <items>
            <item>
                <id>
					1
                </id>
                <title>
					SELECT COUNT(1) FROM ltb010101
					WHERE tb01s010_id=1	AND _id=?
                </title>
                <rez>
					1
                </rez>
                <rez_type>
					1
                </rez_type>
            </item>
            <item>
                <id>
					2
                </id>
                <title>
					SELECT case when COUNT(1)>0 then 1
					else 0 END
					FROM ltb010110
					WHERE ref_yarus_id=1 AND _id=?
                </title>
                <rez>
					1
                </rez>
            </item>
            <item>
                <id>
					3
                </id>
                <title>
					SELECT COUNT(1) FROM ltb010110
					WHERE ref_yarus_id IN (4, 5, 6, 10)
					AND _id=?
                </title>
                <rez>
					0
                </rez>
            </item>
        </items>
    </control>
    <control>
        <id>
			20
        </id>
        <maket>
			10
        </maket>
        <description>
			Для вида земель 3, 5, 9 обязательно наличие яруса 1, могут
			присутствовать яруса 2, 6, 9, 13 и не должно быть ярусов 4, 5, 10
        </description>
        <items>
            <item>
                <id>
					1
                </id>
                <title>
					SELECT COUNT(1) FROM ltb010101
					WHERE (tb01s010_id=3 OR tb01s010_id=5 OR tb01s010_id=9)
					AND _id=?
                </title>
                <rez>
					1
                </rez>
                <rez_type>
					1
                </rez_type>
            </item>
            <item>
                <id>
					2
                </id>
                <title>
					SELECT case when COUNT(1)>0 then 1
					else 0 END
					FROM ltb010110
					WHERE ref_yarus_id=1
					AND _id=?
                </title>
                <rez>
					1
                </rez>
            </item>
            <item>
                <id>
					3
                </id>
                <title>
					SELECT COUNT(1) FROM ltb010110
					WHERE ref_yarus_id IN (4, 5,10)
					AND _id=?
                </title>
                <rez>
					0
                </rez>
            </item>
        </items>
    </control>
    <control>
        <id>
			21
        </id>
        <maket>
			10
        </maket>
        <description>
			Для видов земель 2, 4 обязательно наличие яруса 1, могут
			присутствовать яруса 2, 5, 9, 13 и не должно быть ярусов 4, 6, 10
        </description>
        <items>
            <item>
                <id>
					1
                </id>
                <title>
					SELECT COUNT(1) FROM ltb010101
					WHERE (tb01s010_id=2 OR
					tb01s010_id=4)
					AND _id=?
                </title>
                <rez>
					1
                </rez>
                <rez_type>
					1
                </rez_type>
            </item>
            <item>
                <id>
					2
                </id>
                <title>
					SELECT case when COUNT(1)>0 then 1
					else 0 END
					FROM ltb010110
					WHERE ref_yarus_id=1
					AND _id=?
                </title>
                <rez>
					1
                </rez>
            </item>
            <item>
                <id>
					3
                </id>
                <title>
					SELECT COUNT(1) FROM ltb010110
					WHERE ref_yarus_id IN (4, 6,
					10)
					AND _id=?
                </title>
                <rez>
					0
                </rez>
            </item>
        </items>
    </control>
    <control>
        <id>
			22
        </id>
        <maket>
			10
        </maket>
        <description>
			Для вида земель 8 обязательно наличие ярусов 1, могут
			присутствовать яруса 9, 13 и не должно быть ярусов  4, 5, 10
        </description>
        <items>
            <item>
                <id>
					1
                </id>
                <title>
					SELECT COUNT(1) FROM ltb010101
					WHERE tb01s010_id=8
					AND _id=?
                </title>
                <rez>
					1
                </rez>
                <rez_type>
					1
                </rez_type>
            </item>
            <item>
                <id>
					2
                </id>
                <title>
					SELECT case when COUNT(1)>0 then 1
					else 0 END
					FROM ltb010110
					WHERE ref_yarus_id=1
					AND _id=?
                </title>
                <rez>
					1
                </rez>
            </item>
            <item>
                <id>
					3
                </id>
                <title>
					SELECT COUNT(1) FROM ltb010110
					WHERE ref_yarus_id IN (4, 5, 10)
					AND _id=?
                </title>
                <rez>
					0
                </rez>
            </item>
        </items>
    </control>
    <control>
        <id>
			23
        </id>
        <maket>
			10
        </maket>
        <description>
			Для видов земель 19, 103, 104 обязательно наличие яруса
			4, могут присутствовать яруса 5, 9, 13 и не должно быть ярусов 1, 2,
			6, 10
        </description>
        <items>
            <item>
                <id>
					1
                </id>
                <title>
					SELECT COUNT(1) FROM ltb010101
					WHERE (tb01s010_id=19 OR
					tb01s010_id=104 OR tb01s010_id=104)
					AND _id=?
                </title>
                <rez>
					1
                </rez>
                <rez_type>
					1
                </rez_type>
            </item>
            <item>
                <id>
					2
                </id>
                <title>
					SELECT case when COUNT(1)>0 then 1
					else 0 END
					FROM ltb010110
					WHERE ref_yarus_id=4
					AND _id=?
                </title>
                <rez>
					1
                </rez>
            </item>
            <item>
                <id>
					3
                </id>
                <title>
					SELECT COUNT(1) FROM ltb010110
					WHERE ref_yarus_id IN (1, 2, 6,
					10)
					AND _id=?
                </title>
                <rez>
					0
                </rez>
            </item>
        </items>
    </control>
    <control>
        <id>
			24
        </id>
        <maket>
			10
        </maket>
        <description>
			Для указанного вида земель макет 10 не заполняется
        </description>
        <items>
            <item>
                <id>
					1
                </id>
                <title>
					SELECT COUNT(1) FROM ltb010101 a,ltb010110 b
					WHERE a._id=b._id
					AND a.tb01s010_id NOT IN (1, 2, 4, 3, 5, 8, 9 , 11, 12, 13, 14, 15, 16,
					17, 19, 30, 31, 32, 33, 34, 35, 36, 41, 42, 43, 49, 103, 104)
					AND
					b._id=?
                </title>
                <rez>
					0
                </rez>
            </item>
        </items>
    </control>
    <control>
        <id>
			25
        </id>
        <maket>
			10
        </maket>
        <description>
			Сумма коэффициентов состава для любого яруса должна быть
			равная 10
        </description>
        <items>
            <item>
                <id>
					1
                </id>
                <title>
					SELECT COUNT(1) FROM (
					SELECT SUM(IFNULL(m10_ks,0))
					FROM
					ltb010110
					WHERE _id=?
					GROUP BY _id,ref_yarus_id
					HAVING
					SUM(IFNULL(m10_ks,0))!=10)
                </title>
                <rez>
					0
                </rez>
            </item>
        </items>
    </control>
    <control>
        <id>
			26
        </id>
        <maket>
			3
        </maket>
        <description>
			Если значение графы «бонитет» в макете 03 имеет значение
			5, 5А, 5Б, то не должно быть хозмероприятий 1, 2, 3, 4, 6, 7, 8,
			9,10, 12, 127, 20, 25, 30, 35, 59-68 в макете 02
        </description>
        <items>
            <item>
                <id>
					1
                </id>
                <title>
					SELECT COUNT(1) FROM ltb010103 a, ref_klasbon b
					WHERE
					a.ref_klasbon_id=b._id
					AND b.name IN ('5', '5А', '5Б')
					AND a._id=?
                </title>
                <rez>
					1
                </rez>
                <rez_type>
					1
                </rez_type>
            </item>
            <item>
                <id>
					2
                </id>
                <title>
					SELECT COUNT(1) FROM ltb010102
					WHERE _id=?
					AND (tb01s013_id1 IN
					(1, 2, 3, 4, 6, 7, 8, 9,10, 12, 127, 20, 25,
					30,
					35,
					59,60,61,62,63,64,65,66,67,68)
					OR tb01s013_id2 IN (1, 2, 3, 4, 6,
					7, 8, 9,10, 12, 127, 20, 25, 30,
					35, 59,60,61,62,63,64,65,66,67,68)
					OR tb01s013_id3 IN (1, 2, 3, 4, 6, 7, 8, 9,10, 12, 127, 20, 25,
					30,
					35, 59,60,61,62,63,64,65,66,67,68))
                </title>
                <rez>
					0
                </rez>
            </item>
        </items>
    </control>
    <control>
        <id>
			27
        </id>
        <maket>
			2
        </maket>
        <description>
			Если «1-е хозмероприятие» 3,15, 16, то должен быть
			заполнен макет 23 - санитарное состояние (шифры 97-99)
        </description>
        <items>
            <item>
                <id>
					1
                </id>
                <title>
					SELECT COUNT(1) FROM ltb010102
					WHERE (tb01s013_id1=3 OR
					tb01s013_id1=15 OR tb01s013_id1=16)
					AND _id=?
                </title>
                <rez>
					1
                </rez>
                <rez_type>
					1
                </rez_type>
            </item>
            <item>
                <id>
					2
                </id>
                <title>
					SELECT case when COUNT(1)>0 then 1
					else 0 END FROM ltb010123
					WHERE _id=?
                </title>
                <rez>
					1
                </rez>
            </item>
        </items>
    </control>
    <control>
        <id>
			28
        </id>
        <maket>
			2
        </maket>
        <description>
			Если «1–е хозмероприятие» 16, то должен быть заполнен
			макет 12 и (или) ярус с номером 13 в макете 10, и (или) заполнена
			графа «старый сухостой» в макете 04.
        </description>
        <items>
            <item>
                <id>
					1
                </id>
                <title>
					SELECT COUNT(1) FROM ltb010102
                    WHERE tb01s013_id1=16 AND _id=?
                </title>
                <rez>
					1
                </rez>
                <rez_type>
					1
                </rez_type>
            </item>
            <item>
                <id>
					2
                </id>
                <title>
					SELECT case when SUM(kount) BOLSHE 0 then 1
					else 0 END FROM (
					SELECT
					COUNT(1) kount FROM ltb010112
					WHERE _id=?
					UNION ALL
					SELECT
					COUNT(1)
					FROM ltb010110
					WHERE _id=? AND ref_yarus_id=13
					UNION ALL
					SELECT
					COUNT(1) FROM ltb010104
					WHERE _id=? AND IFNULL(m04_zss,0)>0)
                </title>
                <rez>
					1
                </rez>
            </item>
        </items>
    </control>
    <control>
        <id>
			29
        </id>
        <maket>
			10
        </maket>
        <description>
			Для ярусов 1, 2, 5 для первой строки должны быть
			заполнены графы «состав («коэффициент», «порода»), «А», «Н», «Д»,
			«полнота», «запас м3/га». Графы «кл.товарн.», «происх.», «сумма G»
			могут быть не заполнены. В графе «полнота» значение может колеблется
			от 0,3 до 1,5.
        </description>
        <items>
            <item>
                <id>
					1
                </id>
                <title>
					SELECT SUM(k_sum) FROM
					(
					SELECT COUNT(1) k_sum FROM ltb010110
					WHERE _id=? AND ref_yarus_id=1
					AND poz_key=(SELECT MIN(poz_key) FROM
					ltb010110
					WHERE _id=? AND
					ref_yarus_id=1)
					AND (tb01s012_id IS NULL OR
					m10_ks IS NULL OR
					m10_zjarus IS NULL OR
					m10_vozrast IS NULL OR
					m10_vysota IS NULL OR
					(m10_diametr IS NULL AND m10_vysota BOLSHE 1.9)
					OR IFNULL(m10_polnota,0)
					MENSHE 0.3 OR
					IFNULL(m10_polnota,0) BOLSHE
					1.5)
					UNION ALL
					SELECT
					COUNT(1) FROM
					ltb010110
					WHERE _id=? AND ref_yarus_id=2
					AND
					poz_key=(SELECT
					MIN(poz_key) FROM ltb010110
					WHERE _id=? AND
					ref_yarus_id=2)
					AND
					(tb01s012_id IS NULL OR m10_ks IS NULL OR
					m10_zjarus IS NULL OR
					m10_vozrast IS NULL OR m10_vysota IS NULL OR
					(m10_diametr IS NULL AND m10_vysota BOLSHE 1.9)
					OR
					IFNULL(m10_polnota,0) MENSHE 0.3 OR
					IFNULL(m10_polnota,0) BOLSHE
					1.5)
					UNION ALL
					SELECT COUNT(1) FROM
					ltb010110
					WHERE _id=? AND
					ref_yarus_id=5
					AND poz_key=(SELECT
					MIN(poz_key) FROM ltb010110
					WHERE
					_id=? AND ref_yarus_id=5)
					AND
					(tb01s012_id IS NULL OR m10_ks IS NULL
					OR m10_zjarus IS NULL OR
					m10_vozrast IS NULL OR m10_vysota IS NULL
					OR (m10_diametr IS NULL AND m10_vysota BOLSHE 1.9)
					OR
					IFNULL(m10_polnota,0) MENSHE 0.3 OR
					IFNULL(m10_polnota,0) BOLSHE
					1.5))
                </title>
                <rez>
					0
                </rez>
            </item>
        </items>
    </control>
    <control>
        <id>
			30
        </id>
        <maket>
			10
        </maket>
        <description>
			Для ярусов 4, 6 для первой строки должны быть заполнены
			графы «состав («коэффициент», «порода»)», «А», «полнота». Графы «Н»,
			«Д», «кл.товарн.», «происх.», «сумма G» могут быть не заполнены. В
			графе «полнота» значение может колебаться от 25 до 100. Графа «запас
			м3/га» не заполняется
        </description>
        <items>
            <item>
                <id>
					1
                </id>
                <title>
					SELECT COUNT(1) FROM  ltb010110
       WHERE _id=?
       AND (ref_yarus_id=4 OR ref_yarus_id=6)       
       AND poz_key=(SELECT MIN(poz_key) FROM
					ltb010110
					WHERE	_id=?)
        AND
					(tb01s012_id IS NULL OR m10_ks IS NULL OR m10_vozrast IS NULL
					OR m10_zjarus IS NOT NULL OR
					IFNULL(m10_polnota,0) MENSHE 25 OR IFNULL(m10_polnota,0) >
					100)
                </title>
                <rez>
					0
                </rez>
            </item>
        </items>
    </control>
    <control>
        <id>
			31
        </id>
        <maket>
			10
        </maket>
        <description>
			Для ярусов 9, 10, 13 для первой строки должны быть
			заполнены графы «состав («коэффициент», «порода»), «А лет», «Н м», «Д
			см», «кл.товарн.», «запас м3/га». Графы «происх.», «сумма G» могут
			быть не заполнены. Графа «полнота» не заполняется
        </description>
        <items>
            <item>
                <id>
					1
                </id>
                <title>
					SELECT COUNT(1) FROM  ltb010110
       WHERE _id=?
       AND (ref_yarus_id=9 OR ref_yarus_id=10 OR ref_yarus_id=13)       
       AND poz_key=(SELECT MIN(poz_key) FROM
					ltb010110
					WHERE	_id=?)
        AND
					(tb01s012_id IS NULL OR m10_ks IS NULL OR m10_vozrast IS NULL
					OR m10_vysota IS NULL OR (m10_diametr IS NULL AND m10_vysota BOLSHE 1.9)
          OR m10_klastov_k_kl IS NULL OR m10_zjarus IS NULL)
                </title>
                <rez>
					0
                </rez>
            </item>
        </items>
    </control>
    <control>
        <id>
			32
        </id>
        <maket>
			3
        </maket>
        <description>
			Графа «порода» для видов земель 1, 2, 3, 4, 5, 6, 8, 9,
			19, 101, 102, 103, 104 должна соответствовать породе, указанной в
			первой строке макета 10
        </description>
        <items>
            <item>
                <id>
					1
                </id>
                <title>
					SELECT COUNT(1) FROM ltb010101
					WHERE tb01s010_id IN (1, 2, 3,
					4, 5, 6, 8, 9, 19, 101, 102, 103, 104) AND _id=?
                </title>
                <rez>
					1
                </rez>
                <rez_type>
					1
                </rez_type>
            </item>
            <item>
                <id>
					2
                </id>
                <title>
					SELECT COUNT(1) FROM ltb010110
					WHERE _id=?
					AND poz_key=(SELECT
					MIN(poz_key) FROM ltb010110
					WHERE _id=?)
					AND tb01s012_id=(
					SELECT
					tb01s012_id FROM ltb010103
					WHERE _id=?)
                </title>
                <rez>
					1
                </rez>
            </item>
        </items>
    </control>
    <control>
        <id>
            33
        </id>
        <maket>
            11
        </maket>
        <description>
            Для лесных культур требуется заполнение 11 макета
        </description>
        <items>
            <item>
                <id>
                    1
                </id>
                <title>
                    SELECT COUNT(1) FROM ltb010101 m1
                    INNER JOIN ltb010110 m10 on m10._id = m1._id AND
                    m10.poz_key = (SELECT MIN(poz_key) FROM ltb010110 WHERE _id=m1._id) AND
                    m10.m10_vozrast MENSHE 40
                    WHERE m1._id=?
                    AND m1.tb01s010_id in (2)
                    AND NOT EXISTS (SELECT 1 FROM ltb010111 m11 WHERE m11._id=m1._id)
                </title>
                <rez>
                    0
                </rez>
            </item>
        </items>
    </control>
    <control>
        <id>
            34
        </id>
        <maket>
            15
        </maket>
        <description>
            Для вырубок требуется заполнение 15 макета
        </description>
        <items>
            <item>
                <id>
                    1
                </id>
                <title>
                    SELECT COUNT(1) FROM ltb010101 m1
                    WHERE m1._id=? AND m1.tb01s010_id in (14)
                    AND NOT EXISTS (SELECT 1 FROM ltb010115 m15 WHERE m15._id=m1._id)
                </title>
                <rez>
                    0
                </rez>
            </item>
        </items>
    </control>
    <control>
        <id>
            35
        </id>
        <maket>
            3
        </maket>
        <description>
            Не соответствие породы, типа леса и бонитета
        </description>
        <items>
            <item>
                <id>
                    1
                </id>
                <title>
                    SELECT COUNT(1) FROM ltb010101 m1
                    INNER JOIN ltb010103 m3 on m3._id = m1._id
                    WHERE m1._id=? AND m3.tb01s012_id is NOT NULL AND
                    NOT EXISTS (SELECT b._id FROM ref_wood_tlu_bon b
                    WHERE b.ltb01s012_id = m3.tb01s012_id AND b.ref_wood_type_id = m3.ref_wood_type_id
                    AND m3.ref_klasbon_id between b.ref_klasbon_min_id and b.ref_klasbon_max_id)
                </title>
                <rez>
                    0
                </rez>
            </item>
        </items>
    </control>
</controls>