<?xml version="1.0" ?> 
<SampleConfigs>
<SampleConfig ParentNodeID = "Selection">
  <Title>Interactive Pie Chart</Title> 
  <Thumbnail>thumbnail.jpg</Thumbnail>
  <ShortBlurb>Interactive Pie Chart</ShortBlurb> 
  <SampleControl>InteractivePie</SampleControl> 
  <InfoPages>
    <InfoPage Title="C# Source">cscode.txt</InfoPage>
    <InfoPage Title="Visual Basic Source">vbcode.txt</InfoPage>
  </InfoPages>
  <Keywords>
	<Keyword>Events, Pie slice exploding</Keyword>
    <Keyword>Interactive chart, Pie slice exploding</Keyword>
  </Keywords> 

</SampleConfig>


</SampleConfigs>
