<?xml version="1.0" ?> 
<SampleConfigs>
<SampleConfig ParentNodeID = "Selection">
  <Title>Selection of Data Points</Title> 
  <Thumbnail>thumbnail.jpg</Thumbnail>
  <ShortBlurb>Chart Data Points Selection</ShortBlurb> 
  <SampleControl>Selection</SampleControl> 
  <InfoPages>
    <InfoPage Title="C# Source">cscode.txt</InfoPage>
    <InfoPage Title="Visual Basic Source">vbcode.txt</InfoPage>
  </InfoPages>
  <Keywords>
	<Keyword>Events, Selection</Keyword>
	<Keyword>Selection</Keyword>
    <Keyword>Interactive chart, Selection</Keyword>
  </Keywords> 

</SampleConfig>

</SampleConfigs>
