<?xml version="1.0" ?> 
<SampleConfigs>
<SampleConfig ParentNodeID = "Axis" Priority="700">
  <Title>Strip Line Appearance</Title> 
  <Thumbnail>thumbnail.jpg</Thumbnail>
  <ShortBlurb>Setting Strip Line Appearance</ShortBlurb> 
  <SampleControl>StripLines</SampleControl> 
  <InfoPages>
    <InfoPage Title="C# Source">cscode.txt</InfoPage>
    <InfoPage Title="Visual Basic Source">vbcode.txt</InfoPage>
  </InfoPages>
  <Keywords>
	<Keyword>Strip Lines</Keyword>
	<Keyword>Strip Lines, Appearance</Keyword>
	<Keyword>Appearance, Strip Lines</Keyword>
  </Keywords>
</SampleConfig>

<SampleConfig ParentNodeID = "ChartAppearance">
  <Title>Strip Line Appearance</Title> 
  <Thumbnail>thumbnail.jpg</Thumbnail>
  <ShortBlurb>Setting Strip Line Appearance</ShortBlurb> 
  <SampleControl>StripLines</SampleControl> 
  <InfoPages>
    <InfoPage Title="C# Source">cscode.txt</InfoPage>
    <InfoPage Title="Visual Basic Source">vbcode.txt</InfoPage>
  </InfoPages>
  <Keywords>
	<Keyword>Strip Lines</Keyword>
	<Keyword>Strip Lines, Appearance</Keyword>
	<Keyword>Appearance, Strip Lines</Keyword>
  </Keywords>
</SampleConfig>

</SampleConfigs>
