<?xml version="1.0" ?> 
<SampleConfigs>
<SampleConfig ParentNodeID = "Labels" Priority="300">
  <Title>Labels Text Style</Title> 
  <Thumbnail>thumbnail.jpg</Thumbnail>
  <ShortBlurb>Setting Labels Text Style</ShortBlurb> 
  <SampleControl>LabelsTextStyle</SampleControl> 
  <InfoPages>
    <InfoPage Title="C# Source">cscode.txt</InfoPage>
    <InfoPage Title="Visual Basic Source">vbcode.txt</InfoPage>
  </InfoPages>
  <Keywords>
    <Keyword>Labels, Appearance</Keyword>
    <Keyword>Labels, Offset labels</Keyword>
    <Keyword>Appearance, Axis labels</Keyword>
    <Keyword>Offset labels</Keyword>
  </Keywords>    

</SampleConfig>

</SampleConfigs>
