<?xml version="1.0" ?> 
<SampleConfigs>
<SampleConfig ParentNodeID = "Annotations" Priority= "700">
  <Title>Grouping Annotations</Title> 
  <Thumbnail>thumbnail.jpg</Thumbnail>
  <ShortBlurb>Grouping Annotations</ShortBlurb> 
  <SampleControl>GroupingAnnotations</SampleControl> 
  <InfoPages>
    <InfoPage Title="Overview">Overview.htm</InfoPage>
    <InfoPage Title="C# Source">cscode.txt</InfoPage>
    <InfoPage Title="Visual Basic Source">vbcode.txt</InfoPage>
  </InfoPages>
  <Keywords>
	<Keyword>Annotations, Grouping</Keyword>
  </Keywords>
</SampleConfig>

</SampleConfigs>
