<?xml version="1.0" ?> 
<SampleConfigs>
<SampleConfig ParentNodeID = "Axis" Priority="300">
  <Title>Axis Margins</Title> 
  <Thumbnail>thumbnail.jpg</Thumbnail>
  <ShortBlurb>Setting Axis Margins</ShortBlurb> 
  <SampleControl>AxisMargins</SampleControl> 
  <InfoPages>
    <InfoPage Title="C# Source">cscode.txt</InfoPage>
    <InfoPage Title="Visual Basic Source">vbcode.txt</InfoPage>
  </InfoPages>
  <Keywords>
	<Keyword>Margin</Keyword>
	<Keyword>Axis, Margin</Keyword>
  </Keywords> 
</SampleConfig>

</SampleConfigs>