<?xml version="1.0" ?> 
<SampleConfigs>
<SampleConfig ParentNodeID = "Annotations" Priority="200">
  <Title>Annotation Types</Title> 
  <Thumbnail>thumbnail.jpg</Thumbnail>
  <ShortBlurb>Annotation Types</ShortBlurb> 
  <SampleControl>AnnotationStyles</SampleControl> 
  <InfoPages>
    <InfoPage Title="C# Source">cscode.txt</InfoPage>
    <InfoPage Title="Visual Basic Source">vbcode.txt</InfoPage>
  </InfoPages>
  <Keywords>
	<Keyword>Annotations, Styles</Keyword>
	<Keyword>Annotations, Arrows</Keyword>
	<Keyword>Annotations, Types</Keyword>
  </Keywords>
</SampleConfig>


</SampleConfigs>
